,,,,{'num_detected_in_annot': {'Unsafe Selfdestruct': 1}, 'num_detected_not_in_annot': {'Assertion Failure': 2, 'Unchecked Send Ether': 3, 'Block Values Dependency (BlockValueDependencySensitive)': 9, 'Lack of Zero-Address Validation': 2}}
,,,,{'num_detected_in_annot': {'Unhandled Exception': 9}, 'num_detected_not_in_annot': {'Unhandled Exception': 8, 'Unchecked Send Ether': 8, 'Lack of Zero-Address Validation': 10, 'Reentrancy (REENTRANCY_READONLY)': 1, 'Arbitrary External Call': 10, 'Block Values Dependency (BlockValueDependencySensitive)': 1, 'Integer Underflow': 1}}
,,,,{'num_detected_in_annot': {'Unchecked Send Ether': 32}, 'num_detected_not_in_annot': {'Block Values Dependency (BlockValueDependencySensitive)': 10, 'Lack of Zero-Address Validation': 7, 'Arbitrary External Call': 35, 'Reentrancy (REENTRANCY_READONLY)': 2, 'Unchecked Send Ether': 1}}
,,,,{'num_detected_in_annot': {'Block Values Dependency (BlockValueDependencySensitive)': 31}, 'num_detected_not_in_annot': {'Integer Overflow': 13, 'Unchecked Send Ether': 6, 'Lack of Zero-Address Validation': 1, 'Arbitrary External Call': 6, 'Access Control': 12}}
,,,,{'num_detected_in_annot': {'Block Values Dependency (BlockValueDependencySensitive)': 2}, 'num_detected_not_in_annot': {'Arbitrary External Call': 1}}
,,,,{'num_detected_in_annot': {'Block Values Dependency (BlockValueDependencySensitive)': 30}, 'num_detected_not_in_annot': {'Integer Overflow': 13, 'Lack of Zero-Address Validation': 2, 'Unchecked Send Ether': 6, 'Arbitrary External Call': 6, 'Access Control': 13}}
,,,,{'num_detected_in_annot': {'Block Values Dependency (BlockValueDependencySensitive)': 17}, 'num_detected_not_in_annot': {'Integer Overflow': 10, 'Lack of Zero-Address Validation': 4, 'Unchecked Send Ether': 3, 'Reentrancy (REENTRANCY_READONLY)': 1, 'Arbitrary External Call': 4, 'Access Control': 6}}
,,,,{'num_detected_in_annot': {'Block Values Dependency (BlockValueDependencySensitive)': 31}, 'num_detected_not_in_annot': {'Integer Overflow': 20, 'Unchecked Send Ether': 6, 'Arbitrary External Call': 7, 'Lack of Zero-Address Validation': 5, 'Integer Underflow': 1, 'Access Control': 11}}
,,,,{'num_detected_in_annot': {'Unhandled Exception': 10}, 'num_detected_not_in_annot': {'Unhandled Exception': 7, 'Unchecked Send Ether': 9, 'Lack of Zero-Address Validation': 12, 'Arbitrary External Call': 10, 'Block Values Dependency (BlockValueDependencySensitive)': 2, 'Reentrancy (REENTRANCY_READONLY)': 1, 'Access Control': 1}}
,,,,{'num_detected_in_annot': {'Block Values Dependency (BlockValueDependencySensitive)': 19}, 'num_detected_not_in_annot': {'Integer Overflow': 8, 'Block Values Dependency (BlockValueDependencySensitive)': 4, 'Lack of Zero-Address Validation': 1, 'Unchecked Send Ether': 4, 'Arbitrary External Call': 4, 'Access Control': 7}}
,,,,{'num_detected_in_annot': {'Unhandled Exception': 1}, 'num_detected_not_in_annot': {'Block Values Dependency (BlockValueDependencySensitive)': 2, 'Lack of Zero-Address Validation': 2, 'Reentrancy (REENTRANCY_READONLY)': 1}}
,,,,{'num_detected_in_annot': {'Integer Overflow': 1}, 'num_detected_not_in_annot': {'Lack of Zero-Address Validation': 7, 'Integer Truncation': 1, 'Reentrancy (REENTRANCY)': 1, 'Block Values Dependency (BlockValueDependencySensitive)': 2, 'Integer Overflow': 1}}
,,,,{'num_detected_in_annot': {'Reentrancy (REENTRANCY)': 5}, 'num_detected_not_in_annot': {'Unchecked Send Ether': 8, 'Unhandled Exception': 2, 'Access Control': 2, 'Arbitrary External Call': 12, 'Lack of Zero-Address Validation': 1, 'Block Values Dependency (BlockValueDependencySensitive)': 4}}
,,,,{'num_detected_in_annot': {'Block Values Dependency (BlockValueDependencySensitive)': 45}, 'num_detected_not_in_annot': {'Assertion Failure': 3, 'Integer Overflow': 20, 'Unchecked Send Ether': 10, 'Lack of Zero-Address Validation': 2, 'Arbitrary External Call': 10, 'Access Control': 6}}
,,,,{'num_detected_not_in_annot': {'Integer Overflow': 6, 'Block Values Dependency (BlockValueDependencySensitive)': 1, 'Lack of Zero-Address Validation': 7, 'Reentrancy (REENTRANCY_READONLY)': 1, 'Arbitrary External Call': 2, 'Integer Underflow': 1}}
,,,,{'num_detected_in_annot': {'Unhandled Exception': 23}, 'num_detected_not_in_annot': {'Unchecked Send Ether': 16, 'Lack of Zero-Address Validation': 26, 'Arbitrary External Call': 25, 'Block Values Dependency (BlockValueDependencySensitive)': 2, 'Integer Underflow': 1, 'Unhandled Exception': 13, 'Reentrancy (REENTRANCY_READONLY)': 6}}
,,,,{'num_detected_in_annot': {'Reentrancy (REENTRANCY_READONLY)': 1}, 'num_detected_not_in_annot': {'Block Values Dependency (BlockValueDependencySensitive)': 3, 'Lack of Zero-Address Validation': 1, 'Access Control': 1, 'Reentrancy (REENTRANCY_READONLY)': 3, 'Unhandled Exception': 1, 'Unchecked Send Ether': 1, 'Arbitrary External Call': 1}}
,,,,{'num_detected_in_annot': {'Reentrancy (REENTRANCY_READONLY)': 1}, 'num_detected_not_in_annot': {'Block Values Dependency (BlockValueDependencySensitive)': 1, 'Access Control': 2, 'Lack of Zero-Address Validation': 2, 'Unhandled Exception': 1, 'Reentrancy (REENTRANCY_READONLY)': 2, 'Arbitrary External Call': 2, 'Unchecked Send Ether': 1}}
,,,,{'num_detected_in_annot': {'Access Control': 1}, 'num_detected_not_in_annot': {'Block Values Dependency (BlockValueDependencySensitive)': 4, 'Lack of Zero-Address Validation': 10, 'Reentrancy (REENTRANCY_READONLY)': 1, 'Unknown Issue (IntegerDivByZero by YUL)': 1}}
,,,,{'num_detected_in_annot': {'Unchecked Send Ether': 32}, 'num_detected_not_in_annot': {'Integer Overflow': 3, 'Denial of Service': 3, 'Arbitrary External Call': 30, 'Block Values Dependency (BlockValueDependencySensitive)': 9, 'Unchecked Send Ether': 2, 'Lack of Zero-Address Validation': 1}}
,,,,{'num_detected_in_annot': {'Access Control': 1}, 'num_not_detected_in_annot': {'ACCESS_CONTROL': 1}, 'num_detected_not_in_annot': {'Block Values Dependency (BlockValueDependencySensitive)': 2, 'Access Control': 1, 'Lack of Zero-Address Validation': 5, 'Integer Truncation': 1, 'Unsafe Selfdestruct': 1, 'Unchecked Send Ether': 3, 'Reentrancy (REENTRANCY)': 2, 'Integer Overflow': 1, 'Arbitrary External Call': 1}}
,,,,{'num_detected_in_annot': {'Block Values Dependency (BlockValueDependencySensitive)': 7}, 'num_detected_not_in_annot': {'Block Values Dependency (BlockValueDependencySensitive)': 1, 'Integer Overflow': 1, 'Lack of Zero-Address Validation': 1}}
,,,,{'num_detected_in_annot': {'Authorization through tx.origin': 30}, 'num_detected_not_in_annot': {'Integer Truncation': 1, 'Block Values Dependency (BlockValueDependencySensitive)': 2, 'Unchecked Send Ether': 14, 'Lack of Zero-Address Validation': 19, 'Reentrancy (REENTRANCY_READONLY)': 1, 'Arbitrary External Call': 10}}
,,,,{'num_detected_in_annot': {'Block Values Dependency (BlockValueDependencySensitive)': 3}, 'num_detected_not_in_annot': {'Unchecked Send Ether': 5, 'Arbitrary External Call': 3}}
,,,,{'num_detected_in_annot': {'Block Values Dependency (BlockValueDependencySensitive)': 31}, 'num_detected_not_in_annot': {'Lack of Zero-Address Validation': 5, 'Unchecked Send Ether': 6, 'Integer Overflow': 13, 'Arbitrary External Call': 6, 'Access Control': 10}}
,,,,{'num_detected_in_annot': {'Block Values Dependency (BlockValueDependencySensitive)': 2}, 'num_detected_not_in_annot': {'Block Values Dependency (BlockValueDependencySensitive)': 1, 'Unchecked Send Ether': 1}}
,,,,{'num_detected_in_annot': {'Unhandled Exception': 15}, 'num_detected_not_in_annot': {'Unhandled Exception': 8, 'Unchecked Send Ether': 11, 'Block Values Dependency (BlockValueDependencySensitive)': 10, 'Lack of Zero-Address Validation': 20, 'Reentrancy (REENTRANCY_READONLY)': 4, 'Arbitrary External Call': 18}}
,,,,{'num_detected_in_annot': {'Unhandled Exception': 20}, 'num_detected_not_in_annot': {'Block Values Dependency (BlockValueDependencySensitive)': 6, 'Unhandled Exception': 9, 'Unchecked Send Ether': 13, 'Lack of Zero-Address Validation': 25, 'ERC20 Leak': 7, 'Arbitrary External Call': 22, 'Integer Underflow': 2, 'Reentrancy (REENTRANCY_READONLY)': 3, 'Integer Overflow': 2}}
,,,,{'num_detected_in_annot': {'Block Values Dependency (BlockValueDependencySensitive)': 21}, 'num_detected_not_in_annot': {'Integer Overflow': 9, 'Lack of Zero-Address Validation': 6, 'Unchecked Send Ether': 5, 'Arbitrary External Call': 5, 'Access Control': 8}}
,,,,{'num_detected_in_annot': {'Integer Underflow': 13, 'Integer Truncation': 6, 'Integer Overflow': 6}, 'num_detected_not_in_annot': {'Block Values Dependency (BlockValueDependencySensitive)': 8, 'Unchecked Send Ether': 6, 'Lack of Zero-Address Validation': 7, 'Arbitrary External Call': 6}}
,,,,{'num_detected_in_annot': {'Reentrancy (REENTRANCY_READONLY)': 1}, 'num_detected_not_in_annot': {'Block Values Dependency (BlockValueDependencySensitive)': 1, 'Lack of Zero-Address Validation': 2, 'Access Control': 1, 'Authorization through tx.origin': 1, 'Unhandled Exception': 1, 'Reentrancy (REENTRANCY_READONLY)': 2, 'Arbitrary External Call': 2, 'Unchecked Send Ether': 1}}
,,,,{'num_detected_in_annot': {'Block Values Dependency (BlockValueDependencySensitive)': 24}, 'num_detected_not_in_annot': {'Integer Overflow': 11, 'Unchecked Send Ether': 6, 'Arbitrary External Call': 6, 'Access Control': 11}}
,,,,{'num_detected_in_annot': {'Reentrancy (REENTRANCY_READONLY)': 1}, 'num_detected_not_in_annot': {'Unhandled Exception': 1, 'Lack of Zero-Address Validation': 2, 'Access Control': 2, 'Block Values Dependency (BlockValueDependencySensitive)': 1, 'Reentrancy (REENTRANCY_READONLY)': 2, 'Arbitrary External Call': 2, 'Unchecked Send Ether': 1}}
,,,,{'num_detected_in_annot': {'Block Values Dependency (BlockValueDependencySensitive)': 1}, 'num_detected_not_in_annot': {'Integer Truncation': 1, 'Unchecked Send Ether': 1, 'Arbitrary External Call': 1, 'Integer Underflow': 1}}
,,,,{'num_detected_in_annot': {'Block Values Dependency (BlockValueDependencySensitive)': 21}, 'num_detected_not_in_annot': {'Integer Overflow': 9, 'Unchecked Send Ether': 5, 'Lack of Zero-Address Validation': 1, 'Arbitrary External Call': 5, 'Access Control': 9}}
,,,,{'num_detected_in_annot': {'Reentrancy (REENTRANCY_READONLY)': 1}, 'num_detected_not_in_annot': {'Block Values Dependency (BlockValueDependencySensitive)': 1, 'Lack of Zero-Address Validation': 1, 'Access Control': 1, 'Reentrancy (REENTRANCY_READONLY)': 2, 'Unhandled Exception': 1, 'Arbitrary External Call': 1, 'Unchecked Send Ether': 1}}
,,,,{'num_detected_in_annot': {'Unhandled Exception': 2}, 'num_not_detected_in_annot': {'UNCHECKED_LL_CALLS': 2}, 'num_detected_not_in_annot': {'Block Values Dependency (BlockValueDependencySensitive)': 1, 'Arbitrary External Call': 1, 'Lack of Zero-Address Validation': 1}}
,,,,{'num_detected_in_annot': {'Unchecked Send Ether': 7}, 'num_detected_not_in_annot': {'Block Values Dependency (BlockValueDependencySensitive)': 1, 'Lack of Zero-Address Validation': 1, 'Arbitrary External Call': 7}}
,,,,{'num_detected_in_annot': {'Block Values Dependency (BlockValueDependencySensitive)': 34}, 'num_detected_not_in_annot': {'Block Values Dependency (BlockValueDependencySensitive)': 10, 'Integer Overflow': 15, 'Lack of Zero-Address Validation': 7, 'Arbitrary External Call': 10, 'Reentrancy (REENTRANCY)': 2, 'Unchecked Send Ether': 8, 'Access Control': 9}}
,,,,{'num_detected_in_annot': {'Block Values Dependency (BlockValueDependencySensitive)': 41}, 'num_detected_not_in_annot': {'Block Values Dependency (BlockValueDependencySensitive)': 6, 'ERC20 Leak': 4, 'Integer Overflow': 20, 'Lack of Zero-Address Validation': 7, 'Integer Underflow': 2, 'Unchecked Send Ether': 9, 'Arbitrary External Call': 11, 'Access Control': 18}}
,,,,{'num_detected_in_annot': {'Block Values Dependency (BlockValueDependencySensitive)': 22}, 'num_detected_not_in_annot': {'Integer Overflow': 9, 'Unchecked Send Ether': 6, 'Arbitrary External Call': 6, 'Access Control': 8}}
,,,,{'num_detected_in_annot': {'Integer Overflow': 1}, 'num_detected_not_in_annot': {'Block Values Dependency (BlockValueDependencySensitive)': 2, 'Assertion Failure': 2, 'Lack of Zero-Address Validation': 10, 'Reentrancy (REENTRANCY_READONLY)': 2, 'Integer Truncation': 1, 'Arbitrary External Call': 2, 'Integer Overflow': 2}}
,,,,{'num_detected_in_annot': {'Block Values Dependency (BlockValueDependencySensitive)': 1}}
,,,,{'num_detected_in_annot': {'Block Values Dependency (BlockValueDependencySensitive)': 1}, 'num_detected_not_in_annot': {'Block Values Dependency (BlockValueDependencySensitive)': 2, 'Unchecked Send Ether': 1, 'Integer Truncation': 1, 'Arbitrary External Call': 1}}
,,,,{'num_detected_in_annot': {'Unhandled Exception': 3}, 'num_detected_not_in_annot': {'Access Control': 1, 'Reentrancy (REENTRANCY_READONLY)': 1, 'Block Values Dependency (BlockValueDependencySensitive)': 1, 'Integer Underflow': 1, 'Denial of Service': 1, 'Arbitrary External Call': 1, 'Integer Overflow': 1, 'Unchecked Send Ether': 2}}
,,,,{'num_detected_in_annot': {'Block Values Dependency (BlockValueDependencySensitive)': 17}, 'num_detected_not_in_annot': {'Integer Overflow': 10, 'Lack of Zero-Address Validation': 4, 'Reentrancy (REENTRANCY_READONLY)': 1, 'Unchecked Send Ether': 3, 'Arbitrary External Call': 4, 'Access Control': 6}}
,,,,{'num_detected_in_annot': {'Reentrancy (REENTRANCY_READONLY)': 1}, 'num_detected_not_in_annot': {'Block Values Dependency (BlockValueDependencySensitive)': 3, 'Access Control': 1, 'Lack of Zero-Address Validation': 1, 'Reentrancy (REENTRANCY_READONLY)': 3, 'Unhandled Exception': 1, 'Unchecked Send Ether': 1, 'Arbitrary External Call': 1}}
,,,,{'num_detected_in_annot': {'Integer Overflow': 1}, 'num_detected_not_in_annot': {'Block Values Dependency (BlockValueDependencySensitive)': 8, 'Lack of Zero-Address Validation': 6, 'Reentrancy (REENTRANCY_READONLY)': 1, 'Integer Underflow': 2, 'Integer Overflow': 7, 'ERC20 Leak': 1, 'Arbitrary External Call': 1, 'Unchecked Send Ether': 1}}
,,,,{'num_detected_in_annot': {'Block Values Dependency (BlockValueDependencySensitive)': 9}, 'num_detected_not_in_annot': {'Integer Overflow': 2, 'Access Control': 2}}
,,,,{'num_detected_in_annot': {'Integer Underflow': 10, 'Integer Truncation': 6, 'Integer Overflow': 2}, 'num_detected_not_in_annot': {'Block Values Dependency (BlockValueDependencySensitive)': 6, 'Unchecked Send Ether': 2, 'Lack of Zero-Address Validation': 5, 'Arbitrary External Call': 2}}
